{
  "packages": [
    {
      "name": "kcomp",
      "maintainer": "andkuc",
      "websiteUrl": "https://github.com/andkuc/k-comp",
      "Url": "https://raw.githubusercontent.com/andkuc/k-comp/refs/heads/main/kcompV1_1_0_0_package_index.json",
      "email": "andreas.kucher@gmail.com",
      "platforms": [
        {
          "name": "K-Comp",
          "architecture": "avr",
          "version": "1.0.0",
          "deprecated": false,
          "category": "Contributed",
          "url": "https://github.com/andkuc/k-comp/raw/refs/heads/main/kcompV1_1_0_0.zip",
          "archiveFileName": "kcompV1_1_0_0.zip",
          "checksum": "SHA-256:c30414574ae8f729e7c78ac1f677898740a09dce20741690cb269b30b30a52c1",
          "size": "10151734",
          "boards": [
            {
              "name": "K-Comp V1"
            }
          ],
          "help": {
            "online": "https://github.com/andkuc/k-comp"
          },
          "toolsDependencies": [
            {
              "packager": "arduino",
              "name": "avr-gcc",
              "version": "7.3.0-atmel3.6.1-arduino7"
            },
            {
              "packager": "arduino",
              "name": "avrdude",
              "version": "6.3.0-arduino17"
            }
          ],
          "discoveryDependencies": [],
          "monitorDependencies": []
        }
      ],
      "tools": [
        {
          "name": "windows-drivers",
          "version": "1.8.0",
          "systems": [
            {
              "host": "i686-mingw32",
              "url": "https://downloads.arduino.cc/tools/drivers-arduino-windows-1.8.0.zip",
              "archiveFileName": "drivers-arduino-windows-1.8.0.zip",
              "size": "16302148",
              "checksum": "SHA-256:60614b326ad6860ed0cb99eb4cb2cb69f9ba6ba3784396d5441fe3f99004f8ec"
            }
          ]
        },
        {
          "name": "arduino-fwuploader",
          "version": "2.4.1",
          "systems": [
            {
              "host": "aarch64-linux-gnu",
              "url": "https://downloads.arduino.cc/arduino-fwuploader/arduino-fwuploader_2.4.1_Linux_ARM64.tar.gz",
              "archiveFileName": "arduino-fwuploader_2.4.1_Linux_ARM64.tar.gz",
              "size": "9180830",
              "checksum": "SHA-256:00412715a4d1dca4b2a524bfd9f856bc0aafbdd1d14c8b805543fcf9d632ca18"
            },
            {
              "host": "arm-linux-gnueabihf",
              "url": "https://downloads.arduino.cc/arduino-fwuploader/arduino-fwuploader_2.4.1_Linux_ARMv6.tar.gz",
              "archiveFileName": "arduino-fwuploader_2.4.1_Linux_ARMv6.tar.gz",
              "size": "9272850",
              "checksum": "SHA-256:59c59919c4619b9fa36458fa3983d969665214a9711202370ab064376972f224"
            },
            {
              "host": "arm64-apple-darwin",
              "url": "https://downloads.arduino.cc/arduino-fwuploader/arduino-fwuploader_2.4.1_macOS_ARM64.tar.gz",
              "archiveFileName": "arduino-fwuploader_2.4.1_macOS_ARM64.tar.gz",
              "size": "9292450",
              "checksum": "SHA-256:82f45d960b1d0d61300232e47c394c865237c8d70a9bf85285de4a9e0ce25e72"
            },
            {
              "host": "i686-linux-gnu",
              "url": "https://downloads.arduino.cc/arduino-fwuploader/arduino-fwuploader_2.4.1_Linux_32bit.tar.gz",
              "archiveFileName": "arduino-fwuploader_2.4.1_Linux_32bit.tar.gz",
              "size": "9685731",
              "checksum": "SHA-256:6f00694f0e1baaea8e1ebbd9067afcf2677970ab5a8986646ccf7a784b18f3c7"
            },
            {
              "host": "i686-mingw32",
              "url": "https://downloads.arduino.cc/arduino-fwuploader/arduino-fwuploader_2.4.1_Windows_32bit.zip",
              "archiveFileName": "arduino-fwuploader_2.4.1_Windows_32bit.zip",
              "size": "9887872",
              "checksum": "SHA-256:8a2fcd9b66e6eebc09b7eeb7435ba36c5095384890a5d30317d1b162da76e816"
            },
            {
              "host": "x86_64-apple-darwin",
              "url": "https://downloads.arduino.cc/arduino-fwuploader/arduino-fwuploader_2.4.1_macOS_64bit.tar.gz",
              "archiveFileName": "arduino-fwuploader_2.4.1_macOS_64bit.tar.gz",
              "size": "9829523",
              "checksum": "SHA-256:28b8a57ec94277b8145e3d99bbc703f44a4c3d1ae7c1219aa97ef04306510891"
            },
            {
              "host": "x86_64-linux-gnu",
              "url": "https://downloads.arduino.cc/arduino-fwuploader/arduino-fwuploader_2.4.1_Linux_64bit.tar.gz",
              "archiveFileName": "arduino-fwuploader_2.4.1_Linux_64bit.tar.gz",
              "size": "9810467",
              "checksum": "SHA-256:a21ea7596d0b883b24fc09bcfc3000f3a77b195004eb508f9a2deb70003f538e"
            },
            {
              "host": "x86_64-mingw32",
              "url": "https://downloads.arduino.cc/arduino-fwuploader/arduino-fwuploader_2.4.1_Windows_64bit.zip",
              "archiveFileName": "arduino-fwuploader_2.4.1_Windows_64bit.zip",
              "size": "9874283",
              "checksum": "SHA-256:6fc728f8b9edb42eaf80e375abd07624396dbe218d91364116a761ae733fee59"
            }
          ]
        },
        {
          "name": "avr-gcc",
          "version": "7.3.0-atmel3.6.1-arduino7",
          "systems": [
            {
              "host": "aarch64-linux-gnu",
              "url": "https://downloads.arduino.cc/tools/avr-gcc-7.3.0-atmel3.6.1-arduino7-aarch64-pc-linux-gnu.tar.bz2",
              "archiveFileName": "avr-gcc-7.3.0-atmel3.6.1-arduino7-aarch64-pc-linux-gnu.tar.bz2",
              "size": "38045723",
              "checksum": "SHA-256:03d322b9df6da17289e9e7c6233c34a8535d9c645c19efc772ba19e56914f339"
            },
            {
              "host": "arm-linux-gnueabihf",
              "url": "https://downloads.arduino.cc/tools/avr-gcc-7.3.0-atmel3.6.1-arduino7-arm-linux-gnueabihf.tar.bz2",
              "archiveFileName": "avr-gcc-7.3.0-atmel3.6.1-arduino7-arm-linux-gnueabihf.tar.bz2",
              "size": "34683056",
              "checksum": "SHA-256:3903553d035da59e33cff9941b857c3cb379cb0638105dfdf69c97f0acc8e7b5"
            },
            {
              "host": "i686-linux-gnu",
              "url": "https://downloads.arduino.cc/tools/avr-gcc-7.3.0-atmel3.6.1-arduino7-i686-pc-linux-gnu.tar.bz2",
              "archiveFileName": "avr-gcc-7.3.0-atmel3.6.1-arduino7-i686-pc-linux-gnu.tar.bz2",
              "size": "37176991",
              "checksum": "SHA-256:954bbffb33545bcdcd473af993da2980bf32e8461ff55a18e0eebc7b2ef69a4c"
            },
            {
              "host": "i686-mingw32",
              "url": "https://downloads.arduino.cc/tools/avr-gcc-7.3.0-atmel3.6.1-arduino7-i686-w64-mingw32.zip",
              "archiveFileName": "avr-gcc-7.3.0-atmel3.6.1-arduino7-i686-w64-mingw32.zip",
              "size": "52519412",
              "checksum": "SHA-256:a54f64755fff4cb792a1495e5defdd789902a2a3503982e81b898299cf39800e"
            },
            {
              "host": "x86_64-apple-darwin14",
              "url": "https://downloads.arduino.cc/tools/avr-gcc-7.3.0-atmel3.6.1-arduino7-x86_64-apple-darwin14.tar.bz2",
              "archiveFileName": "avr-gcc-7.3.0-atmel3.6.1-arduino7-x86_64-apple-darwin14.tar.bz2",
              "size": "36684546",
              "checksum": "SHA-256:f6ed2346953fcf88df223469088633eb86de997fa27ece117fd1ef170d69c1f8"
            },
            {
              "host": "x86_64-linux-gnu",
              "url": "https://downloads.arduino.cc/tools/avr-gcc-7.3.0-atmel3.6.1-arduino7-x86_64-pc-linux-gnu.tar.bz2",
              "archiveFileName": "avr-gcc-7.3.0-atmel3.6.1-arduino7-x86_64-pc-linux-gnu.tar.bz2",
              "size": "37630618",
              "checksum": "SHA-256:bd8c37f6952a2130ac9ee32c53f6a660feb79bee8353c8e289eb60fdcefed91e"
            }
          ]
        },
        {
          "name": "avrdude",
          "version": "6.3.0-arduino17",
          "systems": [
            {
              "host": "aarch64-linux-gnu",
              "url": "https://downloads.arduino.cc/tools/avrdude-6.3.0-arduino17-aarch64-pc-linux-gnu.tar.bz2",
              "archiveFileName": "avrdude-6.3.0-arduino17-aarch64-pc-linux-gnu.tar.bz2",
              "size": "229852",
              "checksum": "SHA-256:6cf948f751acfe7b96684537f2291c766ec8b54b4f7dc95539864821456fa9fc"
            },
            {
              "host": "arm-linux-gnueabihf",
              "url": "https://downloads.arduino.cc/tools/avrdude-6.3.0-arduino17-armhf-pc-linux-gnu.tar.bz2",
              "archiveFileName": "avrdude-6.3.0-arduino17-armhf-pc-linux-gnu.tar.bz2",
              "size": "219631",
              "checksum": "SHA-256:2a8e68c5d803aa6f902ef219f177ec3a4c28275d85cbe272962ad2cd374f50d1"
            },
            {
              "host": "i686-linux-gnu",
              "url": "https://downloads.arduino.cc/tools/avrdude-6.3.0-arduino17-i686-pc-linux-gnu.tar.bz2",
              "archiveFileName": "avrdude-6.3.0-arduino17-i686-pc-linux-gnu.tar.bz2",
              "size": "244550",
              "checksum": "SHA-256:5c8cc6c17db9300e1451fe41cd7178b0442b4490ee6fdbc0aed9811aef96c05f"
            },
            {
              "host": "i686-mingw32",
              "url": "https://downloads.arduino.cc/tools/avrdude-6.3.0-arduino17-i686-w64-mingw32.zip",
              "archiveFileName": "avrdude-6.3.0-arduino17-i686-w64-mingw32.zip",
              "size": "328460",
              "checksum": "SHA-256:e99188873c7c5ad8f8f906f068c33600e758b2e36cce3adbd518a21bd266749d"
            },
            {
              "host": "x86_64-apple-darwin12",
              "url": "https://downloads.arduino.cc/tools/avrdude-6.3.0-arduino17-x86_64-apple-darwin12.tar.bz2",
              "archiveFileName": "avrdude-6.3.0-arduino17-x86_64-apple-darwin12.tar.bz2",
              "size": "279045",
              "checksum": "SHA-256:120cc9edaae699e7e9ac50b1b8eb0e7d51fdfa555bac54233c2511e6ee5418c9"
            },
            {
              "host": "x86_64-linux-gnu",
              "url": "https://downloads.arduino.cc/tools/avrdude-6.3.0-arduino17-x86_64-pc-linux-gnu.tar.bz2",
              "archiveFileName": "avrdude-6.3.0-arduino17-x86_64-pc-linux-gnu.tar.bz2",
              "size": "254271",
              "checksum": "SHA-256:accdfb920af2aabf4f7461d2ac73c0751760f525216dc4e7657427a78c60d13d"
            }
          ]
        },
        {
          "name": "fwupdater",
          "version": "0.1.12",
          "systems": [
            {
              "host": "aarch64-linux-gnu",
              "url": "https://downloads.arduino.cc/tools/FirmwareUploader_0.1.12_Linux_ARM64.tar.bz2",
              "archiveFileName": "FirmwareUploader_0.1.12_Linux_ARM64.tar.bz2",
              "size": "25967430",
              "checksum": "SHA-256:691461e64fe075e9a79801347c2bd895fb72f8f2c45a7cd49056c6ad9efe8fc4"
            },
            {
              "host": "arm-linux-gnueabihf",
              "url": "https://downloads.arduino.cc/tools/FirmwareUploader_0.1.12_Linux_ARM.tar.bz2",
              "archiveFileName": "FirmwareUploader_0.1.12_Linux_ARM.tar.bz2",
              "size": "25936245",
              "checksum": "SHA-256:855fa0a9b942c3ee18906efc510bdfe30bf3334ff28ffbb476e648ff30033847"
            },
            {
              "host": "i386-apple-darwin11",
              "url": "https://downloads.arduino.cc/tools/FirmwareUploader_0.1.12_macOS_64bit.tar.bz2",
              "archiveFileName": "FirmwareUploader_0.1.12_macOS_64bit.tar.bz2",
              "size": "25792860",
              "checksum": "SHA-256:a470361b57f86ddfcaecd274d844af51ee1d23a71cd6c26e30fcef2152d1a03f"
            },
            {
              "host": "i686-linux-gnu",
              "url": "https://downloads.arduino.cc/tools/FirmwareUploader_0.1.12_Linux_32bit.tar.bz2",
              "archiveFileName": "FirmwareUploader_0.1.12_Linux_32bit.tar.bz2",
              "size": "26097546",
              "checksum": "SHA-256:2fec2bdfd20ad4950bc9ba37108dc2a7c152f569174279c0697efe1f5a0db781"
            },
            {
              "host": "i686-mingw32",
              "url": "https://downloads.arduino.cc/tools/FirmwareUploader_0.1.12_Windows_32bit.zip",
              "archiveFileName": "FirmwareUploader_0.1.12_Windows_32bit.zip",
              "size": "25743641",
              "checksum": "SHA-256:558568b453caa1c821def8cc6d34555d0c910eb7e7e871de3ae1c39ae6f01bdd"
            },
            {
              "host": "x86_64-mingw32",
              "url": "https://downloads.arduino.cc/tools/FirmwareUploader_0.1.12_Windows_64bit.zip",
              "archiveFileName": "FirmwareUploader_0.1.12_Windows_64bit.zip",
              "size": "25851428",
              "checksum": "SHA-256:ec16de33620985434280c92c3c322257b89bb67adf8fd4d5dd5f9467ea1e9e40"
            },
            {
              "host": "x86_64-pc-linux-gnu",
              "url": "https://downloads.arduino.cc/tools/FirmwareUploader_0.1.12_Linux_64bit.tar.bz2",
              "archiveFileName": "FirmwareUploader_0.1.12_Linux_64bit.tar.bz2",
              "size": "26073327",
              "checksum": "SHA-256:ce57d0afef30cb7d3513f5da326346c99d6bf4923bbc2200634086811f3fb31e"
            }
          ]
        }
      ],
      "help": {
        "online": "https://github.com/andkuc/k-comp"
      }
    }
  ],
  "IsTrusted": false
}